{"_wandb":{"runtime":4240},"val/acc":1,"_step":292,"trainer/global_step":2813,"val/f1_macro":1,"train/loss_step":0.0001841693592723459,"train/acc_step":1,"epoch":5,"train/acc_epoch":0.9995333552360535,"train/loss_epoch":0.0021062216255813837,"_timestamp":1.775061832900106e+09,"_runtime":4240,"val/loss":0.00046520226169377565}