{"trainer/global_step":2813,"epoch":5,"train/loss_epoch":0.0009974348358809948,"val/loss":0.0034113354049623013,"val/acc":0.9990000128746032,"val/f1_macro":0.99900084733963,"_wandb":{"runtime":29574},"_runtime":29574,"_step":292,"train/loss_step":0.0002975287789013237,"_timestamp":1.775111480431675e+09,"train/acc_epoch":0.9998000264167786,"train/acc_step":1}